Title,Tags,Variant Price,Variant Inventory Qty,Image Src,body,option1 Name,Option1 Value,variant Image
Guerlain perfume 7.5ml 15ml Mitsouko Vol de Nuit Rare parfum - 25JUN,"guerlain,perfume,parfum,mitsouko,vol de nuit","39,169,59,79",1,"50,945,101","We are professional authentic product collector and re-seller for more than 15 years. We only sell authentic product and if you have any queries feel free to contact us. <br>
<br>
<br>
<br>
We can Shipping  PERFUME to <br>
<br>
United Status<br>
Canada<br>
Australia <br>
Germany<br>
France<br>
United Kingdom<br>
Israel<br>
Italy<br>
<br>
Large perfume shipment fee: 12USD<br>
<br>
Mini perfume shipment fee: 8USD and additional fee: 4USD<br>
<br>
Shipment time: 1-3 weeks. <br>
<br>
For some other country can send by Surface mail which takes 1 month. <br>
<br>
For normal goods, we ship world wide.",style,"1 Mitsouko 8ml,2 Vol de Nuit 7.5ml ,3 Mitsouko 7.5ml,4 Mitsouko 15ml","5,095,509,650,985,100"
Miniature Christian Dior Addict Diorissimo Dune 7.5ml - 2m EDT Parfum - 25JUn,"Dior,perfume,EDT,diorissimo,dune","15,15,19,19,15,15,19",1,"51,025,107","We are professional authentic product collector and re-seller for more than 15 years. We only sell authentic product and if you have any queries feel free to contact us. <br>
<br>
<br>
<br>
We can Shipping  PERFUME to <br>
<br>
United Status<br>
Canada<br>
Australia <br>
Germany<br>
France<br>
United Kingdom<br>
Israel<br>
Italy<br>
<br>
Large perfume shipment fee: 12USD<br>
<br>
Mini perfume shipment fee: 8USD and additional fee: 4USD<br>
<br>
Shipment time: 1-3 weeks. <br>
<br>
For some other country can send by Surface mail which takes 1 month. <br>
<br>
For normal goods, we ship world wide.",style,"1 Addict 7.5ml,2 Shine 7.5ml,3 Diorissimo 10ml,4 Diorissimo 5ml,5 Diorissimo 2ml, 6 Dune, 7 Dolce","51,035,104,510,551,000,000"
Hermes Caleche Parfum de Toilette 60ml 2 oz EDT - 25JUN,"hermes,edt,caleche",59,1,"52,455,246","We are professional authentic product collector and re-seller for more than 15 years. We only sell authentic product and if you have any queries feel free to contact us. <br>
<br>
<br>
<br>
We can Shipping  PERFUME to <br>
<br>
United Status<br>
Canada<br>
Australia <br>
Germany<br>
France<br>
United Kingdom<br>
Israel<br>
Italy<br>
<br>
Large perfume shipment fee: 12USD<br>
<br>
Mini perfume shipment fee: 8USD and additional fee: 4USD<br>
<br>
Shipment time: 1-3 weeks. <br>
<br>
For some other country can send by Surface mail which takes 1 month. <br>
<br>
For normal goods, we ship world wide.",,,
Chrsitain Dior 3 bottle parfum Miss dior Diorissimo 7.5ml x 3 perfume - 25jun,"Dior,perfume,EDT,diorissimo,dune",79,1,"52,475,248","We are professional authentic product collector and re-seller for more than 15 years. We only sell authentic product and if you have any queries feel free to contact us. <br>
<br>
<br>
<br>
We can Shipping  PERFUME to <br>
<br>
United Status<br>
Canada<br>
Australia <br>
Germany<br>
France<br>
United Kingdom<br>
Israel<br>
Italy<br>
<br>
Large perfume shipment fee: 12USD<br>
<br>
Mini perfume shipment fee: 8USD and additional fee: 4USD<br>
<br>
Shipment time: 1-3 weeks. <br>
<br>
For some other country can send by Surface mail which takes 1 month. <br>
<br>
For normal goods, we ship world wide.",,,